{"Pxx_inf": 3.4689361083634123, "Pyy_inf": 1.1324517599557273}