{"Pxx_inf": 0.5784240905184997, "Pyy_inf": 0.8008950284223291}