{"Pxx_inf": 0.6955278927658913, "Pyy_inf": 0.6513237767147233}