{"Pxx_inf": 5.778934496122111, "Pyy_inf": 1.3110537413920045}