{"Pxx_inf": 3.1420026206319824, "Pyy_inf": 1.6658132875563312}