{"Pxx_inf": 1.2508483720836256, "Pyy_inf": 2.753257448901016}