{"Pxx_inf": 6.6824840574980175, "Pyy_inf": 1.2279250566495632}