{"Pxx_inf": 0.6727449825845954, "Pyy_inf": 0.6727449825845958}