{"Pxx_inf": 1.8598970602128886, "Pyy_inf": 1.0957854021014783}