{"Pxx_inf": 0.5582628036377184, "Pyy_inf": 0.8410645154534347}