{"Pxx_inf": 0.7847821532825607, "Pyy_inf": 0.5874537710979995}