{"Pxx_inf": 1.0768090694898687, "Pyy_inf": 4.016076136755033}