{"Pxx_inf": 0.7704442179347584, "Pyy_inf": 0.5960214971375356}