{"Pxx_inf": 1.7103642671734578, "Pyy_inf": 2.821567111413902}