{"Pxx_inf": 1.8461313178205379, "Pyy_inf": 2.6747647855485}