{"Pxx_inf": 3.933716057096636, "Pyy_inf": 1.0839883040888851}