{"Pxx_inf": 1.4130257476267074, "Pyy_inf": 4.144551614678256}