{"Pxx_inf": 1.5262224044551504, "Pyy_inf": 3.464200796694231}