{"Pxx_inf": 2.535934416940415, "Pyy_inf": 1.3059445968192287}