{"Pxx_inf": 1.095785501543638, "Pyy_inf": 1.8598974532292607}