{"Pxx_inf": 1.626098446896023, "Pyy_inf": 1.2025079110162864}