{"Pxx_inf": 1.2350439851951354, "Pyy_inf": 7.468030967309901}