{"Pxx_inf": 2.3217898970489586, "Pyy_inf": 0.9721531110290226}