{"Pxx_inf": 0.746150480735527, "Pyy_inf": 0.611839976967282}