{"Pxx_inf": 0.6350414051236325, "Pyy_inf": 0.7148847291523327}