{"Pxx_inf": 1.1507912996317116, "Pyy_inf": 1.7269347367682324}