{"Pxx_inf": 1.4824368741470393, "Pyy_inf": 1.2978721335367736}