{"Pxx_inf": 1.9423301788600156, "Pyy_inf": 2.3713998710408113}