{"Pxx_inf": 1.7440802919189171, "Pyy_inf": 2.910221907266607}