{"Pxx_inf": 2.096928022213307, "Pyy_inf": 2.287772733878408}