{"Pxx_inf": 3.4641972279010806, "Pyy_inf": 1.5262217564048308}