{"Pxx_inf": 4.639727859020634, "Pyy_inf": 1.0319944388970932}