{"Pxx_inf": 1.3059448443204142, "Pyy_inf": 2.5359355609455716}