{"Pxx_inf": 2.7968272056082775, "Pyy_inf": 0.8988231069550734}