{"Pxx_inf": 0.6118399786440069, "Pyy_inf": 0.7461504854619349}