{"Pxx_inf": 0.9317032165874131, "Pyy_inf": 2.556193288593762}