{"Pxx_inf": 0.5960215074047339, "Pyy_inf": 0.7704442447478718}