{"Pxx_inf": 1.1596589375685338, "Pyy_inf": 9.010241814714748}