{"Pxx_inf": 1.1744372044611506, "Pyy_inf": 9.95702305950793}