{"Pxx_inf": 2.0325236214171607, "Pyy_inf": 1.5088184076938427}