{"Pxx_inf": 1.222661727050085, "Pyy_inf": 2.886851495466023}