{"Pxx_inf": 2.371403220835806, "Pyy_inf": 1.942332418769119}