{"Pxx_inf": 3.9168345947522174, "Pyy_inf": 1.4950702184205253}