{"Pxx_inf": 2.5985439463236766, "Pyy_inf": 1.8088945953678517}