{"Pxx_inf": 3.6261841701583104, "Pyy_inf": 2.152726098261601, "Pzz_inf": 2.152714185006697}