{"Pxx_inf": 3.5895453879607904, "Pyy_inf": 3.5895453879607904, "Pzz_inf": 3.5895453879607904}