{"Pxx_inf": 0.5787242527536984, "Pyy_inf": 0.5787242527536984, "Pzz_inf": 0.5787242527536984}