{"Pxx_inf": 2.5727950877155075, "Pyy_inf": 2.5727950877155075, "Pzz_inf": 2.5727950877155075}