{"Pxx_inf": 1.6600043504500817, "Pyy_inf": 1.660004350450082, "Pzz_inf": 1.660004350450082}