{"Pxx_inf": -0.3595835207864303, "Pyy_inf": -0.3595835207864303, "Pzz_inf": -0.35958352078643024}