{"Pxx_inf": -1.6416918784320653, "Pyy_inf": -1.6416918875317603, "Pzz_inf": -1.641691890953183}