{"Pxx_inf": 2.304040230340292, "Pyy_inf": 2.304040230340292, "Pzz_inf": 2.304040230340292}