{"Pxx_inf": -0.0772980291554325, "Pyy_inf": -0.0772980291554325, "Pzz_inf": -0.0772980291554325}