{"Pxx_inf": 2.9885180340535027, "Pyy_inf": 2.9885180340535027, "Pzz_inf": 2.9885180340535036}