{"Pxx_inf": 0.937619789756715, "Pyy_inf": 0.937619789756715, "Pzz_inf": 0.9376197897567147}