{"Pxx_inf": 2.800727494046359, "Pyy_inf": 2.800727494046359, "Pzz_inf": 2.800727494046359}