{"Pxx_inf": -0.606489843285204, "Pyy_inf": -0.606489843285204, "Pzz_inf": -0.606489843285204}