{"Pxx_inf": 1.3024406314573764, "Pyy_inf": 1.3024406314573764, "Pzz_inf": 1.3024406314573764}