{"Pxx_inf": 0.23742639960139533, "Pyy_inf": 0.23742639960139533, "Pzz_inf": 0.23742639960139533}