{"Pxx_inf": 1.9974264607407353, "Pyy_inf": 1.9974264607407355, "Pzz_inf": 1.9974264607407353}