{"Pxx_inf": 2.654500919610547, "Pyy_inf": 2.6545009196105465, "Pzz_inf": 2.654500919610547}