{"Pxx_inf": 2.3859384140018474, "Pyy_inf": 2.385938414001848, "Pzz_inf": 1.5359929109472026}