{"Pxx_inf": 3.968585772471399, "Pyy_inf": 3.968585772471398, "Pzz_inf": 1.5411272474721496}