{"Pxx_inf": 0.4305225639347363, "Pyy_inf": 0.4305225639347363, "Pzz_inf": 0.4305225639347363}