{"Pxx_inf": 2.7869236196598095, "Pyy_inf": 2.7869236196598095, "Pzz_inf": 1.696578954920993}