{"Pxx_inf": 0.44568515554281707, "Pyy_inf": 0.44568515554281707, "Pzz_inf": 0.40249865737397517}