{"Pxx_inf": 1.4813170194405647, "Pyy_inf": 1.4813170194405647, "Pzz_inf": 0.9229528697995295}