{"Pxx_inf": 1.7920435118495706, "Pyy_inf": 1.7920435118495708, "Pzz_inf": 1.2617264148372294}