{"Pxx_inf": 0.846261867434238, "Pyy_inf": 0.846261867434238, "Pzz_inf": 0.6275832341303023}