{"Pxx_inf": 4.735395134452977, "Pyy_inf": 4.735395134452977, "Pzz_inf": 1.651146284688677}