{"Pxx_inf": 1.9823528999132656, "Pyy_inf": 1.9823528999132656, "Pzz_inf": 1.0988639276255334}