{"Pxx_inf": 3.0766662212503597, "Pyy_inf": 3.0766662212503597, "Pzz_inf": 1.804858476614869}