{"Pxx_inf": 3.296079033602843, "Pyy_inf": 3.296079033602843, "Pzz_inf": 1.8825139602118792}