{"Pxx_inf": 3.816046995220574, "Pyy_inf": 3.8160469952205744, "Pzz_inf": 2.0497402322906373}