{"Pxx_inf": 1.9978977204238282, "Pyy_inf": 1.9978977205339232, "Pzz_inf": 1.9978977204370638}