{"Pxx_inf": -0.07729837855092682, "Pyy_inf": -0.07729837855130495, "Pzz_inf": -0.07729837855121996}