{"Pxx_inf": -0.3596234581264864, "Pyy_inf": -0.3596234581264461, "Pzz_inf": -0.3596234581264507}