{"Pxx_inf": 2.313528422698151, "Pyy_inf": 2.3135261150553887, "Pzz_inf": 2.313527980323905}