{"Pxx_inf": 0.2373838084872071, "Pyy_inf": 0.23738380848774487, "Pzz_inf": 0.2373838084886028}