{"Pxx_inf": -0.6066982546584679, "Pyy_inf": -0.6066982546584643, "Pzz_inf": -0.6066982546584652}