{"Pxx_inf": 2.587229046684712, "Pyy_inf": 2.5872291751017813, "Pzz_inf": 2.585645386342998}