{"Pxx_inf": 0.9382430370156979, "Pyy_inf": 0.9382430844004586, "Pzz_inf": 0.9382428927018174}