{"Pxx_inf": 0.5786059644818891, "Pyy_inf": 0.578605964481898, "Pzz_inf": 0.5786059644818792}