{"Pxx_inf": 1.3040562097752622, "Pyy_inf": 1.3040566017115636, "Pzz_inf": 1.3040565930380674}