{"Pxx_inf": 1.6602758539078646, "Pyy_inf": 1.6602758538835132, "Pzz_inf": 1.6602758539010938}