{"Pxx_inf": 8.527807344287693, "Pyy_inf": 3.841358083301641, "Pzz_inf": 2.2475022828635174}