{"Pxx_inf": 4.73607392553523, "Pyy_inf": 3.220345795348264, "Pzz_inf": 3.2203457953482637}