{"Pxx_inf": -0.31617476092109115, "Pyy_inf": -0.33291288244450395, "Pzz_inf": -0.356409520946847}