{"Pxx_inf": 1.2400638852098393, "Pyy_inf": 1.2400638852098391, "Pzz_inf": 1.2400638852098391}