{"Pxx_inf": 3.6284011813739876, "Pyy_inf": 3.6284011813739876, "Pzz_inf": 1.4846008322526028}