{"Pxx_inf": 2.9633677494901254, "Pyy_inf": 2.9633677494901254, "Pzz_inf": 2.9633677494901254}