{"Pxx_inf": 3.788034509828261, "Pyy_inf": 3.7880345098282606, "Pzz_inf": 2.038626709396536}