{"Pxx_inf": 3.25954640750805, "Pyy_inf": 3.25954640750805, "Pzz_inf": 1.4158242862232886}