{"Pxx_inf": 3.24363603499771, "Pyy_inf": 3.2436360349977096, "Pzz_inf": 2.3689843761633775}