{"Pxx_inf": 8.545407548536952, "Pyy_inf": 1.9482855212501058, "Pzz_inf": 1.9482855212501062}