{"Pxx_inf": 1.5918227060213912, "Pyy_inf": 1.4601555093942262, "Pzz_inf": 0.8858638662407303}