{"Pxx_inf": 3.6306089298579125, "Pyy_inf": 3.6306089298579125, "Pzz_inf": 3.630608929857914}