{"Pxx_inf": 8.161313628212431, "Pyy_inf": 8.161313628212433, "Pzz_inf": 1.5735695093874498}