{"Pxx_inf": 26.59875113827449, "Pyy_inf": 281.2103054295919, "Pzz_inf": 280.7673499891772}