{"Pxx_inf": 3.5409076409980162, "Pyy_inf": 3.5409076409980162, "Pzz_inf": 1.9638757527283999}