{"Pxx_inf": 5.2014745317635604, "Pyy_inf": 3.5692315609341567, "Pzz_inf": 2.5305198669485063}