{"Pxx_inf": 1.3684138368914596, "Pyy_inf": 1.3684138368914593, "Pzz_inf": 1.0345067367335397}