{"Pxx_inf": -0.33438151426803, "Pyy_inf": -0.33438151426803, "Pzz_inf": -0.33438151426803}