{"Pxx_inf": 0.4748964122573452, "Pyy_inf": 0.4203942838697412, "Pzz_inf": 0.39421192194466803}