{"Pxx_inf": 2.728261387061481, "Pyy_inf": 2.728261387061481, "Pzz_inf": 1.3016196748574964}