{"Pxx_inf": 1.577144479194136, "Pyy_inf": 1.577144479194136, "Pzz_inf": 1.577144479194136}