{"Pxx_inf": 29.88122932840221, "Pyy_inf": 4.282295567575752, "Pzz_inf": 1.95086909368278}