{"Pxx_inf": 4.704708061991316, "Pyy_inf": 2.8491322428868013, "Pzz_inf": 1.4706171111637711}