{"Pxx_inf": 5.111341687691888, "Pyy_inf": 3.75722716299776, "Pzz_inf": 1.7776236501374687}