{"Pxx_inf": 7.494806007395852, "Pyy_inf": 7.494806007395851, "Pzz_inf": 1.5452685971072555}