{"Pxx_inf": 3.87839906311007, "Pyy_inf": 3.039772716421557, "Pzz_inf": 1.5917911088396663}