{"Pxx_inf": 3.485094682167034, "Pyy_inf": 3.485094682167034, "Pzz_inf": 3.485094682167034}