{"Pxx_inf": 6.767200777222411, "Pyy_inf": 3.8666427834844606, "Pzz_inf": 1.663041834956002}