{"Pxx_inf": 35.85398973704874, "Pyy_inf": 2.9757607129280617, "Pzz_inf": 1.9149571180895981}