{"Pxx_inf": 2.1857671515556154, "Pyy_inf": 2.1857671515556154, "Pzz_inf": 1.7423687483785406}