{"Pxx_inf": -0.330012794478145, "Pyy_inf": -0.3300127944781451, "Pzz_inf": -0.3438112920332786}