{"Pxx_inf": 2.755113980362323, "Pyy_inf": 2.7551139803623226, "Pzz_inf": 2.092224589834507}