{"Pxx_inf": -0.32655510572423335, "Pyy_inf": -0.3385865724883653, "Pzz_inf": -0.3385865724958863}