{"Pxx_inf": 6.035263700660445, "Pyy_inf": 6.035263700660444, "Pzz_inf": 1.7966841424209938}