{"Pxx_inf": 5.59101405450301, "Pyy_inf": 5.59101405450301, "Pzz_inf": 1.4382385337406347}