{"Pxx_inf": 0.8074318008488627, "Pyy_inf": 0.8074318008488628, "Pzz_inf": 0.6771554057609652}