{"Pxx_inf": 3.012712906205839, "Pyy_inf": 2.079559753601325, "Pzz_inf": 1.4868218629079537}