{"Pxx_inf": 2.9117110888050837, "Pyy_inf": 2.911711088805084, "Pzz_inf": 2.9117110888050837}