{"Pxx_inf": 6.751758458396044, "Pyy_inf": 4.550430147129998, "Pzz_inf": 1.947974948257096}