{"Pxx_inf": 3.6533389128951943, "Pyy_inf": 3.6533389128951943, "Pzz_inf": 1.4893819929760699}