{"Pxx_inf": 3.2671283773394455, "Pyy_inf": 2.3009289413991985, "Pzz_inf": 1.2874295985509132}