{"Pxx_inf": 6.017376575981875, "Pyy_inf": 2.8385639992162712, "Pzz_inf": 2.838590424260024}