{"Pxx_inf": -0.33448350775279806, "Pyy_inf": -0.33448350775279806, "Pzz_inf": -0.33448350775279806}