{"Pxx_inf": 1.8213844831204051, "Pyy_inf": 1.8213844831204051, "Pzz_inf": 1.8213844831204051}