{"Pxx_inf": 2.8285743666918424, "Pyy_inf": 1.5848812550369809, "Pzz_inf": 1.5848812550369809}