{"Pxx_inf": 5.676843199682477, "Pyy_inf": 2.3189610704508494, "Pzz_inf": 1.5212520409118313}