{"Pxx_inf": 6.656025473467682, "Pyy_inf": 1.4723159361091696, "Pzz_inf": 1.472315936109169}