{"Pxx_inf": 4.698422650698401, "Pyy_inf": 2.499337747792025, "Pzz_inf": 2.499488647369404}