{"Pxx_inf": 4.215373799220763, "Pyy_inf": 2.991651099187322, "Pzz_inf": 2.2393188101121773}