{"Pxx_inf": 3.0032727874980836, "Pyy_inf": 3.0032727874980836, "Pzz_inf": 1.1688680292973235}