{"Pxx_inf": 4.742019035831138, "Pyy_inf": 3.0927811587170373, "Pzz_inf": 1.4851789372907078}