{"Pxx_inf": 7.296730738575778, "Pyy_inf": 4.769193466438483, "Pzz_inf": 1.9946186049095067}