{"Pxx_inf": 4.682450461678019, "Pyy_inf": 4.682450461678019, "Pzz_inf": 1.6438952160663367}