{"Pxx_inf": 0.4378610165736975, "Pyy_inf": 0.4378610165736975, "Pzz_inf": 0.41587678748746826}