{"Pxx_inf": 7.208676522346006, "Pyy_inf": 4.797171417778628, "Pzz_inf": 1.9948785651109053}