{"Pxx_inf": 1.5621531043119599, "Pyy_inf": 1.5621531043119599, "Pzz_inf": 0.855978331336188}