{"Pxx_inf": 9.318969074628843, "Pyy_inf": 6.222261142169527, "Pzz_inf": 1.6998149439530696}