{"Pxx_inf": 1.5160153955848292, "Pyy_inf": 1.3648725281386798, "Pzz_inf": 0.961715384550943}