{"Pxx_inf": 3.425351484621067, "Pyy_inf": 1.747889936261132, "Pzz_inf": 1.3297015415900508}