{"Pxx_inf": 4.641634006561963, "Pyy_inf": 4.641634006561963, "Pzz_inf": 2.2800208128026593}