{"Pxx_inf": 2.296460515409869, "Pyy_inf": 2.296460515409869, "Pzz_inf": 2.296460515409869}