{"Pxx_inf": -0.3203391011190781, "Pyy_inf": -0.34204624094224995, "Pzz_inf": -0.3420462409441355}