{"Pxx_inf": 5.70615722589836, "Pyy_inf": 3.12020069045084, "Pzz_inf": 1.9688975066235397}