{"Pxx_inf": 4.535978219238428, "Pyy_inf": 3.1238680320688204, "Pzz_inf": 3.1238680249208115}