{"Pxx_inf": 4.4967969441037425, "Pyy_inf": 3.1042970995041728, "Pzz_inf": 3.1042970995041728}