{"Pxx_inf": -0.32302485696538724, "Pyy_inf": -0.33340453486551447, "Pzz_inf": -0.3479015840944271}