{"Pxx_inf": 0.47034308685809395, "Pyy_inf": 0.41339855216695987, "Pzz_inf": 0.41339855216695987}