{"Pxx_inf": 3.99697850410514, "Pyy_inf": 3.99697850410514, "Pzz_inf": 2.765696026970737}