{"Pxx_inf": -0.3144874337728427, "Pyy_inf": -0.3204860129244845, "Pzz_inf": -0.37492521206752843}