{"Pxx_inf": 2.376868300488088, "Pyy_inf": 2.376868300488088, "Pzz_inf": 1.532846415019136}