{"Pxx_inf": 0.4559086286245679, "Pyy_inf": 0.41843503277009203, "Pzz_inf": 0.4184350328355071}