{"Pxx_inf": 1.4178338331781932, "Pyy_inf": 1.251421391370991, "Pzz_inf": 1.0861872410734301}