{"Pxx_inf": 5.831236385308207, "Pyy_inf": 1.3290604604658989, "Pzz_inf": 1.3290604604658993}