{"Pxx_inf": 3.1241712997391424, "Pyy_inf": 3.1241712997391433, "Pzz_inf": 2.303126397871601}