{"Pxx_inf": 2.114238066162131, "Pyy_inf": 2.1142380661621316, "Pzz_inf": 1.417017275329811}