{"Pxx_inf": 4.927400471491057, "Pyy_inf": 2.117356170185986, "Pzz_inf": 2.117356170185986}