{"Pxx_inf": 80.48982051201403, "Pyy_inf": 4.716385424412495, "Pzz_inf": 2.0473804639416726}