{"Pxx_inf": 8.451662974347922, "Pyy_inf": 5.8217301924774665, "Pzz_inf": 1.665869396670332}