{"Pxx_inf": 8.261923567453072, "Pyy_inf": 3.0528098207016114, "Pzz_inf": 3.05280982070161}