{"Pxx_inf": 4.734798277591935, "Pyy_inf": 2.5714097588365075, "Pzz_inf": 2.571409758836507}