{"Pxx_inf": 7.399428791322003, "Pyy_inf": 2.5111985055294714, "Pzz_inf": 2.511198505529471}