{"Pxx_inf": 1.733915428679108, "Pyy_inf": 1.0015772078259257, "Pzz_inf": 0.9970780188420221}