{"Pxx_inf": -0.3113839750654298, "Pyy_inf": -0.33838906575943184, "Pzz_inf": -0.35881115318376977}