{"Pxx_inf": 1.5593893992384171, "Pyy_inf": 1.260093183963277, "Pzz_inf": 1.0114894063013689}