{"Pxx_inf": 4.8455198830848865, "Pyy_inf": 4.8455198830848865, "Pzz_inf": 2.3270524552853167}