{"Pxx_inf": 1.3708474597635683, "Pyy_inf": 1.3708474597635683, "Pzz_inf": 1.035212544406041}