{"Pxx_inf": 2.968027232523341, "Pyy_inf": 2.968027232523341, "Pzz_inf": 2.2153056970441445}