{"Pxx_inf": 9.138823053570256, "Pyy_inf": 6.071750381869314, "Pzz_inf": 1.6880589524730347}