{"Pxx_inf": 8.327120350508922, "Pyy_inf": 8.327120350508922, "Pzz_inf": 1.5813066619142193}