{"Pxx_inf": 4.780738961634212, "Pyy_inf": 3.2454286074155765, "Pzz_inf": 3.2454286047400975}