{"Pxx_inf": 3.2307920968828605, "Pyy_inf": 2.0040630686453755, "Pzz_inf": 2.004027893712987}