{"Pxx_inf": 5.15007781666673, "Pyy_inf": 3.7677104668079116, "Pzz_inf": 1.782945795543329}