{"Pxx_inf": 2.986424085572738, "Pyy_inf": 2.986424085572738, "Pzz_inf": 2.228637526503644}