{"Pxx_inf": 0.470326764571439, "Pyy_inf": 0.44268737469273706, "Pzz_inf": 0.38379737476055487}