{"Pxx_inf": 3.3380118161389007, "Pyy_inf": 3.3380118161389007, "Pzz_inf": 2.4202217935597297}