{"Pxx_inf": -0.31561553561006406, "Pyy_inf": -0.3156155356100641, "Pzz_inf": -0.38015899548249327}