{"Pxx_inf": 0.7592219142930499, "Pyy_inf": 0.7592219142930499, "Pzz_inf": 0.7592219142930499}