{"Pxx_inf": 0.46047227163310717, "Pyy_inf": 0.44519619351132644, "Pzz_inf": 0.39099117019155605}