{"Pxx_inf": 0.44549015404967585, "Pyy_inf": 0.44549015404967585, "Pzz_inf": 0.4024739176697473}