{"Pxx_inf": 1.626679452614052, "Pyy_inf": 1.3363201173105477, "Pzz_inf": 0.9167990265825685}