{"Pxx_inf": 3.959020796566717, "Pyy_inf": 3.959020796566717, "Pzz_inf": 2.741220730024186}