{"Pxx_inf": 6.9685332984872295, "Pyy_inf": -2.7434428039297107, "Pzz_inf": -2.7434428039290735}