{"Pxx_inf": 6.453488973672721, "Pyy_inf": 2.975996821724066, "Pzz_inf": 2.934054083274245}