{"Pxx_inf": 11.212646339215732, "Pyy_inf": 5.042480442845019, "Pzz_inf": 1.893557789610419}