{"Pxx_inf": 9.938368319278394, "Pyy_inf": 4.7596977548579416, "Pzz_inf": 1.8484175761669333}