{"Pxx_inf": 1.4712172403497237, "Pyy_inf": 1.1449053811576964, "Pzz_inf": 1.1449004159156857}