{"Pxx_inf": 0.4440739490275709, "Pyy_inf": 0.4237468575383137, "Pzz_inf": 0.4237468575375843}