{"Pxx_inf": -0.31794052558963426, "Pyy_inf": -0.3258164600763423, "Pzz_inf": -0.36277624751220977}