{"Pxx_inf": 2.3448253595384974, "Pyy_inf": 1.8860059594282708, "Pzz_inf": 1.8860059594282708}