{"Pxx_inf": 0.6052549776212672, "Pyy_inf": 0.6052549776212673, "Pzz_inf": 0.6052549776212673}