{"Pxx_inf": 2.7046067765267585, "Pyy_inf": 1.7848129591003916, "Pzz_inf": 1.7848298414830501}