{"Pxx_inf": 0.4784567003343884, "Pyy_inf": 0.40334626406556345, "Pzz_inf": 0.40334626406556345}