{"Pxx_inf": 2.0148759691888216, "Pyy_inf": 2.014875969188821, "Pzz_inf": 2.0148759691888216}