{"Pxx_inf": 7.57884246731747, "Pyy_inf": 1.876171758618597, "Pzz_inf": 1.876171758618597}