{"Pxx_inf": -0.5588901231349707, "Pyy_inf": -0.5588901231349708, "Pzz_inf": -0.7289935429545462}