{"Pxx_inf": 4.158340448847429, "Pyy_inf": 4.15834044884743, "Pzz_inf": 1.3160718239168718}