{"Pxx_inf": -0.3132887302816995, "Pyy_inf": -0.32631519634455286, "Pzz_inf": -0.36909762912090394}