{"Pxx_inf": 2.5295156554752025, "Pyy_inf": 2.054368223121528, "Pzz_inf": 1.649512831518668}