{"Pxx_inf": 3.317218392644523, "Pyy_inf": 2.5531218860938707, "Pzz_inf": 1.9617549263741816}