{"Pxx_inf": -0.3194769059771005, "Pyy_inf": -0.3194769059771005, "Pzz_inf": -0.36865789715308284}