{"Pxx_inf": 3.4480450198668184, "Pyy_inf": 3.4480450198668184, "Pzz_inf": 3.4480450198668184}