{"Pxx_inf": 4.596948446679128, "Pyy_inf": 4.596948446679128, "Pzz_inf": 2.264540929231813}