{"Pxx_inf": 4.364604364235281, "Pyy_inf": 1.9559912629623033, "Pzz_inf": 1.9559912629623033}