{"Pxx_inf": 4.144569880123683, "Pyy_inf": 4.144569880123683, "Pzz_inf": 2.8320936293032393}