{"Pxx_inf": 3.8985550188328992, "Pyy_inf": 3.0492726254303406, "Pzz_inf": 1.595147771476053}