{"Pxx_inf": -0.32570750062092624, "Pyy_inf": -0.32570750062092624, "Pzz_inf": -0.3535562755765739}