{"Pxx_inf": 3.332842267368834, "Pyy_inf": 1.7377477637271328, "Pzz_inf": 1.7377477637271328}