{"Pxx_inf": 6.091685909858686, "Pyy_inf": 4.59111565052431, "Pzz_inf": 1.5392846813855852}