{"Pxx_inf": 1.3009467786797706, "Pyy_inf": 1.3009467786797706, "Pzz_inf": 1.1269582602944406}