{"Pxx_inf": 0.45724206473335527, "Pyy_inf": 0.45724206473335527, "Pzz_inf": 0.38439963113580006}