{"Pxx_inf": 3.6581517872441713, "Pyy_inf": 3.6581517872441704, "Pzz_inf": 1.489521883829433}