{"Pxx_inf": 6.376682222329319, "Pyy_inf": 6.376682222329319, "Pzz_inf": 1.8261629932120669}