{"Pxx_inf": 4.187154056561814, "Pyy_inf": 4.187154056561814, "Pzz_inf": 2.858964578500476}