{"Pxx_inf": 4.199272525565953, "Pyy_inf": 2.5963387044596993, "Pzz_inf": 1.7400329055304795}