{"Pxx_inf": 7.7801516556671615, "Pyy_inf": 3.6755336941530854, "Pzz_inf": 2.186712383376923}