{"Pxx_inf": 3.1450980302452742, "Pyy_inf": 3.1450980302452742, "Pzz_inf": 2.3180144063019705}