{"Pxx_inf": 4.189708113391306, "Pyy_inf": 3.0512293853168027, "Pzz_inf": 2.251582524351236}