{"Pxx_inf": 4.421207397134664, "Pyy_inf": 3.5697964996285165, "Pzz_inf": 1.397863013718652}