{"Pxx_inf": 1.6904478896480146, "Pyy_inf": 1.1291039204870124, "Pzz_inf": 0.9527682587668543}