{"Pxx_inf": 6.67361754845226, "Pyy_inf": 3.5053027925197604, "Pzz_inf": 1.617209193302982}