{"Pxx_inf": -0.30993690564146165, "Pyy_inf": -0.3498088039841572, "Pzz_inf": -0.34980880400285586}