{"Pxx_inf": 4.198764795249485, "Pyy_inf": 1.9606679554554927, "Pzz_inf": 1.9606679554554927}