{"Pxx_inf": 6.023003143220651, "Pyy_inf": 4.514224156651716, "Pzz_inf": 1.5313284294772969}