{"Pxx_inf": 1.3565735556466267, "Pyy_inf": 1.186124116330591, "Pzz_inf": 1.1861241163305911}