{"Pxx_inf": 9.685531216852588, "Pyy_inf": 4.235066002801516, "Pzz_inf": 1.772225434042819}