{"Pxx_inf": 12.371430778699034, "Pyy_inf": 2.9649262882908074, "Pzz_inf": 2.9649262882908065}