{"Pxx_inf": 2.773750950196672, "Pyy_inf": 2.773750950196672, "Pzz_inf": 1.6930894659018378}