{"Pxx_inf": 1.4772681447314153, "Pyy_inf": 1.4772681447314153, "Pzz_inf": 0.9223891061740397}