{"Pxx_inf": 6.4646692911016075, "Pyy_inf": 6.464669291101609, "Pzz_inf": 1.8360759138449771}