{"Pxx_inf": 6.1598550970479975, "Pyy_inf": 3.251885351671526, "Pzz_inf": 2.13630120072635}