{"Pxx_inf": 0.4506164081755894, "Pyy_inf": 0.43202955237031876, "Pzz_inf": 0.41006490341183044}