{"Pxx_inf": 1.281317426999158, "Pyy_inf": 10.869070179533878, "Pzz_inf": 3.9483157314566735}