{"Pxx_inf": 6.090184392504773, "Pyy_inf": 2.9528477215227404, "Pzz_inf": 2.9528477215227404}