{"Pxx_inf": 15.000230157146854, "Pyy_inf": 3.1135706003026162, "Pzz_inf": 3.1135706003026162}