{"Pxx_inf": -0.3134272683605496, "Pyy_inf": -0.3457541975146822, "Pzz_inf": -0.3457541975146822}