{"Pxx_inf": 8.309537464597097, "Pyy_inf": 5.691567360227241, "Pzz_inf": 1.6550224193654661}