{"Pxx_inf": -43.15247590811748, "Pyy_inf": 3.3580968261319004, "Pzz_inf": 3.358096826131855}