{"Pxx_inf": 2.7703752359162426, "Pyy_inf": 2.7703752359162426, "Pzz_inf": 2.1021263457898147}