{"Pxx_inf": 3.119577686431134, "Pyy_inf": 2.6553471154933668, "Pzz_inf": 1.227644160322811}