{"Pxx_inf": 2.9885180340535022, "Pyy_inf": 2.9885180340535022, "Pzz_inf": 2.9885180340535022}