{"Pxx_inf": 5.061493229459284, "Pyy_inf": 2.2664133463052836, "Pzz_inf": 2.2664133463052836}