{"Pxx_inf": 3.7402035922147645, "Pyy_inf": 2.686534620876234, "Pzz_inf": 2.685832560171862}