{"Pxx_inf": 0.8422456378570145, "Pyy_inf": 0.7234154596867856, "Pzz_inf": 0.7234154596032634}