{"Pxx_inf": 4.390437545256397, "Pyy_inf": 3.5262921505220466, "Pzz_inf": 1.3923428305855416}