{"Pxx_inf": 0.2310809694132986, "Pyy_inf": 0.2310809694132986, "Pzz_inf": 0.2310809694132986}