{"Pxx_inf": 4.225881631880668, "Pyy_inf": 2.637769969023033, "Pzz_inf": 1.7570927592302807}