{"Pxx_inf": 5.959543790899386, "Pyy_inf": 5.959543790899386, "Pzz_inf": 1.7875078867345866}