{"Pxx_inf": 1.6328993842580004, "Pyy_inf": 1.1148077324395504, "Pzz_inf": 1.1148077324395502}