{"Pxx_inf": 0.4642867288863211, "Pyy_inf": 0.4329396595535711, "Pzz_inf": 0.3988042122789009}