{"Pxx_inf": 9.824762780558316, "Pyy_inf": 2.7447224160574115, "Pzz_inf": 1.7109641916558058}