{"Pxx_inf": 3.059957936118611, "Pyy_inf": 3.05995793611861, "Pzz_inf": 1.7990417942464152}