{"Pxx_inf": 2.369673946663474, "Pyy_inf": 1.6305041752978666, "Pzz_inf": 1.6305106171991939}