{"Pxx_inf": 10.869090230330373, "Pyy_inf": 4.462567333757589, "Pzz_inf": 1.810669560482123}