{"Pxx_inf": 0.4302731626890652, "Pyy_inf": 0.4302731626890651, "Pzz_inf": 0.4302731626890652}