{"Pxx_inf": 5.66564140280964, "Pyy_inf": 5.66564140280964, "Pzz_inf": 1.4437083848228576}