{"Pxx_inf": 6.483075767317247, "Pyy_inf": 6.483075767317247, "Pzz_inf": 1.8370947917629454}