{"Pxx_inf": 2.4919710120533587, "Pyy_inf": 2.491971012053359, "Pzz_inf": 2.491971012053359}