{"Pxx_inf": 4.198128010989964, "Pyy_inf": 4.198128010989964, "Pzz_inf": 1.3200075150177115}