{"Pxx_inf": 2.9047459529773145, "Pyy_inf": 0.1410591517567527, "Pzz_inf": 0.14105915175675476}