{"Pxx_inf": 3.0100672742861923, "Pyy_inf": 2.300938315351909, "Pzz_inf": 2.3009383153519094}