{"Pxx_inf": 2.7127944103783284, "Pyy_inf": 2.7127944103783284, "Pzz_inf": 1.2986173346586547}