{"Pxx_inf": 3.3627291202911644, "Pyy_inf": 3.362729120291165, "Pzz_inf": 2.437367606545787}