{"Pxx_inf": 4.72666671011477, "Pyy_inf": 4.72666671011477, "Pzz_inf": 1.6507049216570833}