{"Pxx_inf": 3.7159552837095062, "Pyy_inf": 2.7014170978364827, "Pzz_inf": 2.7014170978364827}