{"Pxx_inf": 0.467540652907768, "Pyy_inf": 0.4552452447845819, "Pzz_inf": 0.377815756399837}