{"Pxx_inf": 7.790062109967963, "Pyy_inf": 3.8041392773457803, "Pzz_inf": 2.2323900902461897}