{"Pxx_inf": 2.6852861356745623, "Pyy_inf": 2.685286135674562, "Pzz_inf": 2.685286135674562}