{"Pxx_inf": 4.324051363178977, "Pyy_inf": 4.324051363178978, "Pzz_inf": 1.5948360866133082}