{"Pxx_inf": 8.380654778481384, "Pyy_inf": 3.9902876088358936, "Pzz_inf": 2.2992870070559968}