{"Pxx_inf": 6.050867923444234, "Pyy_inf": 6.050867923444234, "Pzz_inf": 1.797554693361682}