{"Pxx_inf": 0.4650360368658191, "Pyy_inf": 0.4650360368658191, "Pzz_inf": 0.3725130191594177}