{"Pxx_inf": 0.8926648156109771, "Pyy_inf": 0.70924524319674, "Pzz_inf": 0.70924524319674}