{"Pxx_inf": 7.633392297631714, "Pyy_inf": 7.633392297631712, "Pzz_inf": 1.5524750177783981}