{"Pxx_inf": 5.767325232951284, "Pyy_inf": 3.1951976836323053, "Pzz_inf": 1.9975760397014763}