{"Pxx_inf": 2.8487685836131527, "Pyy_inf": 2.364960560205249, "Pzz_inf": 1.3791397165831278}