{"Pxx_inf": 0.45689344953598277, "Pyy_inf": 0.45689344953598277, "Pzz_inf": 0.3844235960889627}