{"Pxx_inf": 6.67841272246967, "Pyy_inf": 4.55286614354826, "Pzz_inf": 1.9483644440560455}