{"Pxx_inf": 5.521821683840204, "Pyy_inf": 3.7216717117010214, "Pzz_inf": 2.608901442907652}