{"Pxx_inf": 2.024316178730893, "Pyy_inf": 2.024316178730893, "Pzz_inf": 2.024316178730893}