{"Pxx_inf": 4.896236724744798, "Pyy_inf": 4.896236724744798, "Pzz_inf": 2.343929077000767}