{"Pxx_inf": 3.2666333552931417, "Pyy_inf": 3.2666333552931417, "Pzz_inf": 2.3851160297135308}