{"Pxx_inf": 4.71972154936211, "Pyy_inf": 0.7891958856492319, "Pzz_inf": 0.5589280424547453}