{"Pxx_inf": 1.2372344105882584, "Pyy_inf": 1.2372344105882584, "Pzz_inf": 1.2372344105882584}