{"Pxx_inf": 2.5081379871546243, "Pyy_inf": 2.5081379871546243, "Pzz_inf": 2.5081379871546243}