{"Pxx_inf": -0.31964984598474333, "Pyy_inf": -0.3196498459847433, "Pzz_inf": -0.3685322202588478}