{"Pxx_inf": 4.494817452741772, "Pyy_inf": 1.5533955552434544, "Pzz_inf": 1.5533955552434544}