{"Pxx_inf": -55.90104454552759, "Pyy_inf": 2.3883544313546623, "Pzz_inf": 2.3862935527133544}