{"Pxx_inf": 0.4388971785781646, "Pyy_inf": 0.36934422047284915}