{"Pxx_inf": 2.8221101775559507, "Pyy_inf": 1.7708071109648165}