{"Pxx_inf": 9.860393513047255, "Pyy_inf": 1.1733871184487892}