{"Pxx_inf": 0.3576941230306458, "Pyy_inf": 0.45610212061434635}