{"Pxx_inf": -0.34310668871618216, "Pyy_inf": -0.3651993793412885}