{"Pxx_inf": 0.8974909704123444, "Pyy_inf": 0.534360281535443}