{"Pxx_inf": 1.491734682270936, "Pyy_inf": 1.4917346823432045}