{"Pxx_inf": 1.311127875736155, "Pyy_inf": 5.775708276024735}