{"Pxx_inf": 0.726272071485869, "Pyy_inf": 0.6261806898451393}