{"Pxx_inf": 0.8665138270899404, "Pyy_inf": 0.5469325505303048}