{"Pxx_inf": 3.59534873237347, "Pyy_inf": 1.5527717640939431}