{"Pxx_inf": 3.913833051904985, "Pyy_inf": 1.4946243666627246}