{"Pxx_inf": 1.4731352075180615, "Pyy_inf": 4.024637114297897}