{"Pxx_inf": 3.897921352305226, "Pyy_inf": 1.4921394620695405}