{"Pxx_inf": 1.4337932073846762, "Pyy_inf": 4.3130946268130055}