{"Pxx_inf": 0.7524696222664957, "Pyy_inf": 1.550540443858434}