{"Pxx_inf": 0.38274273587709895, "Pyy_inf": 0.42163623595350663}