{"Pxx_inf": 1.9846747936184461, "Pyy_inf": 2.4335418928247763}