{"Pxx_inf": 5.726597919895404, "Pyy_inf": 1.3083224590492755}