{"Pxx_inf": 1.2615876393535836, "Pyy_inf": 0.8543371631761129}