{"Pxx_inf": 0.40130921394136954, "Pyy_inf": 0.4013092139413696}