{"Pxx_inf": -0.40229487864652097, "Pyy_inf": -0.3152576926940262}