{"Pxx_inf": 2.0960482987087374, "Pyy_inf": 2.2867431748746205}