{"Pxx_inf": 1.1730060224812198, "Pyy_inf": 9.849153249446}