{"Pxx_inf": 1.344666911911729, "Pyy_inf": 0.8182216335042068}