{"Pxx_inf": 1.3460442976226632, "Pyy_inf": 1.4248353109209932}