{"Pxx_inf": 1.132451441953832, "Pyy_inf": 3.4689315938477914}