{"Pxx_inf": 1.0369005313984794, "Pyy_inf": 2.043905069700445}