{"Pxx_inf": 2.83059277276046, "Pyy_inf": 1.7742927416047525}