{"Pxx_inf": 0.368177590671701, "Pyy_inf": 0.4405254468703071}