{"Pxx_inf": -0.32591686364463157, "Pyy_inf": -0.38661788538250746}