{"Pxx_inf": 1.320963122384728, "Pyy_inf": 1.7100944887470004}