{"Pxx_inf": 2.6652305622631216, "Pyy_inf": 1.8421094432003589}