{"Pxx_inf": -0.3652135015822231, "Pyy_inf": -0.34309413018708707}