{"Pxx_inf": 7.990692456552209, "Pyy_inf": 0.9321859004291461}