{"Pxx_inf": 0.3478840703850977, "Pyy_inf": 0.47239148686356974}