{"Pxx_inf": 9.879261755166546, "Pyy_inf": 0.9191877459645028}