{"Pxx_inf": 2.2969829095100205, "Pyy_inf": 1.3850030269004059}