{"Pxx_inf": 2.298736078574244, "Pyy_inf": 2.0877111482280277}