{"Pxx_inf": 0.6634092395844762, "Pyy_inf": 0.6823303361554311}