{"Pxx_inf": -0.35382799095081796, "Pyy_inf": -0.35382799095081746}