{"Pxx_inf": 1.1983169983344963, "Pyy_inf": 0.8873422033710558}