{"Pxx_inf": 0.409340471877302, "Pyy_inf": 0.39356556035733825}