{"Pxx_inf": 1.1483177287970097, "Pyy_inf": 0.9178352700715805}