{"Pxx_inf": 1.0239143625721272, "Pyy_inf": 2.6341308041041427}