{"Pxx_inf": 1.0210070411320553, "Pyy_inf": 1.0210070411314869}