{"Pxx_inf": 1.174475632329574, "Pyy_inf": 9.950719107567325}