{"Pxx_inf": 1.8417469732558143, "Pyy_inf": 2.6659089978260626}