{"Pxx_inf": -0.3362173488110659, "Pyy_inf": -0.3732622380390636}