{"Pxx_inf": 1.2667866750254733, "Pyy_inf": 1.8062388859413854}