{"Pxx_inf": 0.800998870813804, "Pyy_inf": 0.5783678208387274}