{"Pxx_inf": 1.292127233361064, "Pyy_inf": 5.447013166137968}