{"Pxx_inf": 1.4474815951904683, "Pyy_inf": 1.5386523384470976}