{"Pxx_inf": 1.5373626955784168, "Pyy_inf": 0.7557796070978101}