{"Pxx_inf": 1.7749769408823717, "Pyy_inf": 1.283454334676371}