{"Pxx_inf": 1.4389631943493717, "Pyy_inf": 2.168901996384763}