{"Pxx_inf": -0.3865909299165789, "Pyy_inf": -0.3259342639009051}