{"Pxx_inf": -0.35094634151431975, "Pyy_inf": -0.3567577042911128}