{"Pxx_inf": 1.4755584294625936, "Pyy_inf": 4.041587312996148}