{"Pxx_inf": 1.9803577557203134, "Pyy_inf": 2.4271868071292366}