{"Pxx_inf": 1.5527616274807374, "Pyy_inf": 3.5952552209003317}