{"Pxx_inf": 0.9996452890975879, "Pyy_inf": 1.0429170743169704}