{"Pxx_inf": 3.1301399882539145, "Pyy_inf": 1.6622835299668073}