{"Pxx_inf": 0.6513237469932215, "Pyy_inf": 0.695527857413322}