{"Pxx_inf": 3.5971036267413448, "Pyy_inf": 1.553115437164976}