{"Pxx_inf": 0.4723457288329396, "Pyy_inf": 0.34787440106151984}