{"Pxx_inf": 1.6653554217547517, "Pyy_inf": 3.140444695918815}