{"Pxx_inf": -0.3477952751548245, "Pyy_inf": -0.36006197522936095}