{"Pxx_inf": 0.9789126960064247, "Pyy_inf": 2.9393779120811225}