{"Pxx_inf": 0.35237217154178235, "Pyy_inf": 0.4647241553562113}