{"Pxx_inf": 0.4343472297688904, "Pyy_inf": 0.3726953140179152}