{"Pxx_inf": 0.7314331761641213, "Pyy_inf": 1.6370402408996851}