{"Pxx_inf": 0.39356556035891305, "Pyy_inf": 0.40934047188064376}