{"Pxx_inf": 1.4292245299690387, "Pyy_inf": 1.342122850896008}