{"Pxx_inf": 1.7340800859508618, "Pyy_inf": 1.734080085950862}