{"Pxx_inf": 1.4360843292972632, "Pyy_inf": 4.332525966798475}