{"Pxx_inf": 2.158947568242308, "Pyy_inf": 1.1298567562239048}