{"Pxx_inf": 2.7479914790914526, "Pyy_inf": 1.7400837101387994}