{"Pxx_inf": 0.3875543664164187, "Pyy_inf": 0.41600462639663566}