{"Pxx_inf": 2.1244481111024394, "Pyy_inf": 1.4601334543707587}