{"Pxx_inf": 1.0738067219236525, "Pyy_inf": 0.9726052720692943}