{"Pxx_inf": -0.31581884925791187, "Pyy_inf": -0.401421013887742}