{"Pxx_inf": 1.5709918173150033, "Pyy_inf": 1.235566344496824}