{"Pxx_inf": -0.37929306226306786, "Pyy_inf": -0.33140592723461915}