{"Pxx_inf": 2.8321848783567845, "Pyy_inf": 1.7749506196195093}