{"Pxx_inf": -0.3564737514078567, "Pyy_inf": -0.3512194978947128}