{"Pxx_inf": 1.6057864381034055, "Pyy_inf": 1.3924591200293024}