{"Pxx_inf": 1.031993727837525, "Pyy_inf": 4.639696735404188}