{"Pxx_inf": 9.957219052921351, "Pyy_inf": 1.174439004455287}