{"Pxx_inf": 3.76028721905025, "Pyy_inf": 1.4701549818129922}