{"Pxx_inf": 2.4335565762188978, "Pyy_inf": 1.9846833242839659}