{"Pxx_inf": 1.3092412926899928, "Pyy_inf": 5.7413894276307005}