{"Pxx_inf": 7.162779841877347, "Pyy_inf": 1.244563681953147}