{"Pxx_inf": 2.0445691226810734, "Pyy_inf": 1.036715926112603}