{"Pxx_inf": 7.884790981845141, "Pyy_inf": 0.9569557932168956}