{"Pxx_inf": 0.9423902341471371, "Pyy_inf": 3.2613931761026276}