{"Pxx_inf": 3.5818664966124567, "Pyy_inf": 1.5500867435509296}