{"Pxx_inf": 0.4635488122602101, "Pyy_inf": 0.35307152054336344}