{"Pxx_inf": 0.41985733479383125, "Pyy_inf": 0.3842360086146292}