{"Pxx_inf": 3.2532632294969313, "Pyy_inf": 0.9421868540156834}