{"Pxx_inf": -0.39580457968553906, "Pyy_inf": -0.3195091325979374}