{"Pxx_inf": 2.886314786695571, "Pyy_inf": 1.2223276207788318}