{"Pxx_inf": 1.992358269251443, "Pyy_inf": 1.5326373066692265}