{"Pxx_inf": 9.01039701101663, "Pyy_inf": 1.1596605643671467}