{"Pxx_inf": 1.3110528422757575, "Pyy_inf": 5.7789137349596436}