{"Pxx_inf": 0.8183654551228249, "Pyy_inf": 1.3445015697722953}