{"Pxx_inf": 5.253042616837726, "Pyy_inf": 0.9976910374568824}