{"Pxx_inf": 1.7435502421278295, "Pyy_inf": 2.9088168172485322}