{"Pxx_inf": 1.6352247277353336, "Pyy_inf": 0.7313581274841973}