{"Pxx_inf": 9.760719195675774, "Pyy_inf": 1.171925390233413}