{"Pxx_inf": 1.2349487532292662, "Pyy_inf": 7.4635582919789565}