{"Pxx_inf": 1.392459120396444, "Pyy_inf": 1.6057840105828474}