{"Pxx_inf": 1.2247807637739285, "Pyy_inf": 1.8953940027764231}