{"Pxx_inf": 5.760701318345744, "Pyy_inf": 1.3102016477865621}