{"Pxx_inf": 0.7780570233818865, "Pyy_inf": 1.4603254160636818}