{"Pxx_inf": 2.091260663115605, "Pyy_inf": 2.2810966452264623}