{"Pxx_inf": 2.297110129715449, "Pyy_inf": 2.0863172250179756}