{"Pxx_inf": 1.9439613037767676, "Pyy_inf": 1.0668256701433356}