{"Pxx_inf": -0.3287577647141513, "Pyy_inf": -0.38276528717566666}