{"Pxx_inf": 0.42646711675865173, "Pyy_inf": 0.3787973133732273}