{"Pxx_inf": 1.0964217379996108, "Pyy_inf": 2.282764189272913}