{"Pxx_inf": 4.312501353947273, "Pyy_inf": 1.433095120258827}