{"Pxx_inf": 0.40507269292577114, "Pyy_inf": 0.3976022626993792}