{"Pxx_inf": 1.2354049025454221, "Pyy_inf": 1.5712461298407883}