{"Pxx_inf": -0.33140592723444684, "Pyy_inf": -0.37929306226255227}