{"Pxx_inf": 1.5500770755663005, "Pyy_inf": 3.5817741009228907}