{"Pxx_inf": 0.36578026808687686, "Pyy_inf": 0.44392991737478055}