{"Pxx_inf": 1.8954047626456056, "Pyy_inf": 1.224780765495947}