{"Pxx_inf": 0.8873422033854507, "Pyy_inf": 1.1983170271488368}