{"Pxx_inf": 1.188035604274855, "Pyy_inf": 1.6523587297583413}