{"Pxx_inf": 3.4638791937313727, "Pyy_inf": 1.1322771436169445}