{"Pxx_inf": 4.620924959036534, "Pyy_inf": 1.031703713018497}