{"Pxx_inf": 1.7336554811085017, "Pyy_inf": 1.7336554812739864}