{"Pxx_inf": 0.7148309750954022, "Pyy_inf": 0.6350844142449648}