{"Pxx_inf": 2.1873985460624787, "Pyy_inf": 2.1873985460624787}