{"Pxx_inf": 1.7401794380097069, "Pyy_inf": 2.8998756436236666}