{"Pxx_inf": -0.36955180809043325, "Pyy_inf": -0.3393197425691707}