{"Pxx_inf": 1.662271932960665, "Pyy_inf": 3.130078444899172}