{"Pxx_inf": 1.162478564318125, "Pyy_inf": 2.0562022222303957}