{"Pxx_inf": 2.4272013405495203, "Pyy_inf": 1.9803661947315252}