{"Pxx_inf": 0.8543371631745375, "Pyy_inf": 1.26158768894785}