{"Pxx_inf": 1.2184602317673876, "Pyy_inf": 6.923236955967235}