{"Pxx_inf": 1.1189046157755125, "Pyy_inf": 2.1978948709741664}