{"Pxx_inf": 2.892258301353613, "Pyy_inf": 0.9845105813069956}