{"Pxx_inf": 0.37879731336978856, "Pyy_inf": 0.4264671184235993}