{"Pxx_inf": 4.337833433660807, "Pyy_inf": 1.4356083982738403}