{"Pxx_inf": 2.13665364040257, "Pyy_inf": 2.13665364040257}