{"Pxx_inf": -0.3732622380395966, "Pyy_inf": -0.3362173488111784}