{"Pxx_inf": 0.4439548949981406, "Pyy_inf": 0.36575457958313184}