{"Pxx_inf": 1.045414567176983, "Pyy_inf": 0.9974159208667128}