{"Pxx_inf": 1.54362404364708, "Pyy_inf": 1.4428305792951368}