{"Pxx_inf": 1.2332989169088493, "Pyy_inf": 7.406378119433706}