{"Pxx_inf": 4.331914744385341, "Pyy_inf": 1.4353819690960719}