{"Pxx_inf": -0.40804266571917785, "Pyy_inf": -0.3116675267435566}