{"Pxx_inf": 2.0562176401405083, "Pyy_inf": 1.1624787463970083}