{"Pxx_inf": 7.1886329642860565, "Pyy_inf": 1.2448048996991292}