{"Pxx_inf": 2.672831097918752, "Pyy_inf": 1.8458703889373107}