{"Pxx_inf": -0.31161866975395774, "Pyy_inf": -0.4080512642695778}