{"Pxx_inf": 0.3979572190384764, "Pyy_inf": 0.40471351640406156}