{"Pxx_inf": 2.2914180956381305, "Pyy_inf": 2.081574291277266}