{"Pxx_inf": 0.8306721875273669, "Pyy_inf": 1.314249090932887}