{"Pxx_inf": 2.1884154773440576, "Pyy_inf": 2.1884154773440585}