{"Pxx_inf": 0.6833544891993202, "Pyy_inf": 0.662440408493683}