{"Pxx_inf": 0.41598631722641627, "Pyy_inf": 0.3875703929080065}