{"Pxx_inf": 3.140506388687579, "Pyy_inf": 1.665367284950578}