{"Pxx_inf": 0.8988227841338922, "Pyy_inf": 2.796818560624167}