{"Pxx_inf": 2.2829849269231826, "Pyy_inf": 1.096124646267512}