{"Pxx_inf": 2.1822081926132686, "Pyy_inf": 2.1822081927292}