{"Pxx_inf": 0.4560858798533402, "Pyy_inf": 0.3576887480345974}