{"Pxx_inf": 1.3843851616590637, "Pyy_inf": 1.3843851616590637}