{"Pxx_inf": 1.3000781589538328, "Pyy_inf": 0.8367183137469248}