{"Pxx_inf": 1.4598317908913874, "Pyy_inf": 0.778010497150724}