{"Pxx_inf": 0.9369760736739872, "Pyy_inf": 1.1202220187855643}