{"Pxx_inf": 0.9726060144672682, "Pyy_inf": 1.0738072893258337}