{"Pxx_inf": 2.631976211079565, "Pyy_inf": 1.0238425348375688}