{"Pxx_inf": -0.3404925646807135, "Pyy_inf": -0.3681839429356865}