{"Pxx_inf": 1.7097998171051403, "Pyy_inf": 1.3211474235329925}