{"Pxx_inf": -0.3840025321423251, "Pyy_inf": -0.3278334218054258}