{"Pxx_inf": 1.120090949863404, "Pyy_inf": 0.9370695091572107}