{"Pxx_inf": 5.793379852725558, "Pyy_inf": 0.9733009768812607}