{"Pxx_inf": -0.3600619752306207, "Pyy_inf": -0.3477952751544716}