{"Pxx_inf": 0.37269531401916667, "Pyy_inf": 0.4343472297611762}