{"Pxx_inf": 7.110143446477684, "Pyy_inf": 1.242885541836649}