{"Pxx_inf": 0.9093597952616064, "Pyy_inf": 1.1613581132842377}