{"Pxx_inf": 1.8455062451760826, "Pyy_inf": 2.6735133991020876}