{"Pxx_inf": 3.46893610836341, "Pyy_inf": 1.1324517599557273}