{"Pxx_inf": 2.8881650920966604, "Pyy_inf": 1.2224025469193438}