{"Pxx_inf": 0.695527892765891, "Pyy_inf": 0.6513237767147233}