{"Pxx_inf": 4.147233961013502, "Pyy_inf": 1.4126759421312305}