{"Pxx_inf": 0.897490970412344, "Pyy_inf": 0.5343602815354427}