{"Pxx_inf": 1.2978718149263258, "Pyy_inf": 1.4824364344457992}