{"Pxx_inf": 0.7262720714858691, "Pyy_inf": 0.6261806898451393}