{"Pxx_inf": 0.9721529782839488, "Pyy_inf": 2.3217885426535214}