{"Pxx_inf": 3.1420026206319824, "Pyy_inf": 1.665813287556329}