{"Pxx_inf": 1.2508483720836252, "Pyy_inf": 2.7532574489010146}