{"Pxx_inf": 6.682484057498007, "Pyy_inf": 1.2279250566495632}