{"Pxx_inf": 5.44703059469086, "Pyy_inf": 1.2921280357283527}