{"Pxx_inf": 1.0569253302234827, "Pyy_inf": 1.9754212827559798}