{"Pxx_inf": 0.6727449825845958, "Pyy_inf": 0.6727449825845955}