{"Pxx_inf": 1.3460442976226625, "Pyy_inf": 1.4248353109209935}