{"Pxx_inf": 1.1324514419538327, "Pyy_inf": 3.468931593847794}