{"Pxx_inf": 0.5582628036377184, "Pyy_inf": 0.841064515453435}