{"Pxx_inf": 0.7847821532825611, "Pyy_inf": 0.5874537710979991}