{"Pxx_inf": 2.2987360785742434, "Pyy_inf": 2.0877111482280277}