{"Pxx_inf": 1.710364267173458, "Pyy_inf": 2.821567111413902}