{"Pxx_inf": 2.049155532893101, "Pyy_inf": 2.2315078409619518}