{"Pxx_inf": 0.8009988708138042, "Pyy_inf": 0.5783678208387275}