{"Pxx_inf": 1.2921272333610643, "Pyy_inf": 5.447013166137972}