{"Pxx_inf": 1.601869153188512, "Pyy_inf": 1.8885133121593882}