{"Pxx_inf": 1.8461313178205376, "Pyy_inf": 2.674764785548498}