{"Pxx_inf": 1.8085558806423643, "Pyy_inf": 2.599219887397927}