{"Pxx_inf": 1.7269346850815368, "Pyy_inf": 1.1507912826709161}