{"Pxx_inf": 3.9337160570966345, "Pyy_inf": 1.0839883040888858}