{"Pxx_inf": 1.413025747626707, "Pyy_inf": 4.144551614678257}