{"Pxx_inf": 0.54522296124037, "Pyy_inf": 0.8705509564537681}