{"Pxx_inf": 3.5971036267413456, "Pyy_inf": 1.5531154371649758}