{"Pxx_inf": 1.52622240445515, "Pyy_inf": 3.464200796694232}