{"Pxx_inf": 2.5359344169404148, "Pyy_inf": 1.305944596819229}