{"Pxx_inf": 1.0957855015436377, "Pyy_inf": 1.859897453229261}