{"Pxx_inf": 1.734080085950862, "Pyy_inf": 1.7340800859508616}