{"Pxx_inf": 2.7479914790914513, "Pyy_inf": 1.7400837101387991}