{"Pxx_inf": 1.8040736144320044, "Pyy_inf": 1.6690406971466691}