{"Pxx_inf": 2.32178989704896, "Pyy_inf": 0.9721531110290225}