{"Pxx_inf": 0.7461504807355267, "Pyy_inf": 0.6118399769672822}