{"Pxx_inf": 1.5709918173150028, "Pyy_inf": 1.2355663444968241}