{"Pxx_inf": 2.6740505393096425, "Pyy_inf": 1.8464835605755485}