{"Pxx_inf": 2.8321848783567862, "Pyy_inf": 1.7749506196195093}