{"Pxx_inf": 1.4511652468100502, "Pyy_inf": 3.8772532279313023}