{"Pxx_inf": 1.0319937278375257, "Pyy_inf": 4.639696735404186}