{"Pxx_inf": 9.957219052921355, "Pyy_inf": 1.1744390044552873}