{"Pxx_inf": 3.7602872190502534, "Pyy_inf": 1.4701549818129915}