{"Pxx_inf": 2.044569122681075, "Pyy_inf": 1.036715926112603}