{"Pxx_inf": 0.5844863576935547, "Pyy_inf": 0.7899595779359901}