{"Pxx_inf": 2.2419633697665136, "Pyy_inf": 2.0403324195606753}