{"Pxx_inf": 1.150791299631711, "Pyy_inf": 1.7269347367682322}