{"Pxx_inf": 1.5531161665130302, "Pyy_inf": 3.597107735474033}