{"Pxx_inf": 1.98543924909217, "Pyy_inf": 2.434653177277256}