{"Pxx_inf": 9.010397011016627, "Pyy_inf": 1.1596605643671463}