{"Pxx_inf": 1.311052842275758, "Pyy_inf": 5.7789137349596436}