{"Pxx_inf": 2.2975094116371597, "Pyy_inf": 1.3848675838930042}