{"Pxx_inf": 0.5343602376786094, "Pyy_inf": 0.897490516248134}