{"Pxx_inf": 0.8410645877981856, "Pyy_inf": 0.5582628188537715}