{"Pxx_inf": 1.744080291918917, "Pyy_inf": 2.910221907266607}