{"Pxx_inf": 2.4346569827876166, "Pyy_inf": 1.985441782202334}