{"Pxx_inf": 1.2354049025454221, "Pyy_inf": 1.571246129840788}