{"Pxx_inf": 1.8885144959739322, "Pyy_inf": 1.6018699760533315}