{"Pxx_inf": 2.0969280222133064, "Pyy_inf": 2.2877727338784086}