{"Pxx_inf": 3.464197227901077, "Pyy_inf": 1.526221756404831}