{"Pxx_inf": 4.6397278590206295, "Pyy_inf": 1.0319944388970934}