{"Pxx_inf": 1.1880356042748554, "Pyy_inf": 1.6523587297583417}