{"Pxx_inf": 1.3059448443204136, "Pyy_inf": 2.535935560945571}