{"Pxx_inf": 2.7968272056082757, "Pyy_inf": 0.8988231069550733}