{"Pxx_inf": 0.714830975095402, "Pyy_inf": 0.6350844142449648}