{"Pxx_inf": 0.6118399786440072, "Pyy_inf": 0.746150485461935}