{"Pxx_inf": 0.931703216587413, "Pyy_inf": 2.5561932885937626}