{"Pxx_inf": 1.4754203453066115, "Pyy_inf": 4.043714433281335}