{"Pxx_inf": 1.1596589375685347, "Pyy_inf": 9.010241814714748}