{"Pxx_inf": 1.675038650440445, "Pyy_inf": 1.7971761728227453}