{"Pxx_inf": 1.1744372044611509, "Pyy_inf": 9.957023059507922}