{"Pxx_inf": 1.222661727050085, "Pyy_inf": 2.8868514954660234}