{"Pxx_inf": 1.3848676251377623, "Pyy_inf": 2.2975095480065466}