{"Pxx_inf": 0.6222186886022134, "Pyy_inf": 0.7315773997177609}