{"Pxx_inf": 2.6930959603217612, "Pyy_inf": 1.2648349168458277}