{"Pxx_inf": 2.5223997967710434, "Pyy_inf": 0.9369449826022637}