{"Pxx_inf": 1.435970114966894, "Pyy_inf": 4.334902476667221}