{"Pxx_inf": 7.188632964286056, "Pyy_inf": 1.244804899699129}