{"Pxx_inf": 2.371403220835806, "Pyy_inf": 1.9423324187691187}