{"Pxx_inf": 3.9168345947522165, "Pyy_inf": 1.495070218420527}