{"Pxx_inf": 3.0394157222623654, "Pyy_inf": 1.6349536236431457}