{"Pxx_inf": 2.188415477344057, "Pyy_inf": 2.1884154773440576}