{"Pxx_inf": 0.6833544891993205, "Pyy_inf": 0.6624404084936827}