{"Pxx_inf": 1.5085796458521838, "Pyy_inf": 2.0329439122726574}