{"Pxx_inf": 0.8988227841338919, "Pyy_inf": 2.7968185606241684}