{"Pxx_inf": 1.384385161659063, "Pyy_inf": 1.3843851616590637}