{"Pxx_inf": 1.6349537284915714, "Pyy_inf": 3.0394161072649317}