{"Pxx_inf": 1.6658134051630868, "Pyy_inf": 3.142003058563473}