{"Pxx_inf": 2.598543946323679, "Pyy_inf": 1.8088945953678532}