{"Pxx_inf": 0.8586588490823784, "Pyy_inf": 0.8062926709729809, "Pzz_inf": 0.6453338198017609}