{"Pxx_inf": 2.808692620166107, "Pyy_inf": 1.6014601730667917, "Pzz_inf": 1.6014601730667914}