{"Pxx_inf": 2.375646758912936, "Pyy_inf": 1.6283798478139784, "Pzz_inf": 1.6283809803799807}