{"Pxx_inf": 7.780870550666578, "Pyy_inf": 2.943750887149798, "Pzz_inf": 2.943750887149798}