{"Pxx_inf": 5.008064135805603, "Pyy_inf": 2.2181115310174686, "Pzz_inf": 2.218111531017468}