{"Pxx_inf": 10.752444182919067, "Pyy_inf": 3.2695121273806316, "Pzz_inf": 3.269512127380632}