{"Pxx_inf": 3.331513666434084, "Pyy_inf": 2.52869891873821, "Pzz_inf": 1.957598002467387}