{"Pxx_inf": 6.54224117367724, "Pyy_inf": 3.063848623860808, "Pzz_inf": 3.063848623860808}