{"Pxx_inf": 3.6441052645485534, "Pyy_inf": 2.14524691161224, "Pzz_inf": 2.145259769279381}