{"Pxx_inf": 0.8249889532781209, "Pyy_inf": 0.7645788701828383, "Pzz_inf": 0.6989791513715843}