{"Pxx_inf": 2.492367149756924, "Pyy_inf": 2.1002605325187966, "Pzz_inf": 1.2845253912458046}