{"Pxx_inf": 2.0940943138710346, "Pyy_inf": 1.7097664960904053, "Pzz_inf": 1.7097664960819678}