{"Pxx_inf": 3.3490212032885736, "Pyy_inf": 3.3490212032885736, "Pzz_inf": 3.3490212032885736}