{"Pxx_inf": 5.245923565915822, "Pyy_inf": 3.456442756850075, "Pzz_inf": 2.5366929980766844}