{"Pxx_inf": 8.697472526399421, "Pyy_inf": 3.9446332598791507, "Pzz_inf": 2.2841228999480667}