{"Pxx_inf": 0.8941464844631629, "Pyy_inf": 0.7094755556668315, "Pzz_inf": 0.7094755556668315}