{"Pxx_inf": 3.0244161837452967, "Pyy_inf": 2.2992220717122107, "Pzz_inf": 2.2992220475715937}