{"Pxx_inf": 0.8428282246816357, "Pyy_inf": 0.7237211024449159, "Pzz_inf": 0.7237210920763344}