{"Pxx_inf": 8.574646276824351, "Pyy_inf": 3.0681478147132624, "Pzz_inf": 3.068147814713262}