{"Pxx_inf": 15.18992841785821, "Pyy_inf": 6.199748482330229, "Pzz_inf": 6.199748482331345}