{"Pxx_inf": 0.4305225639347363, "Pyy_inf": 0.43052256393473637, "Pzz_inf": 0.4305225639347363}