{"Pxx_inf": 2.2397170976994105, "Pyy_inf": 1.8526296165391944, "Pzz_inf": 1.514799550118599}