{"Pxx_inf": 7.602445878218708, "Pyy_inf": 3.7636394796170034, "Pzz_inf": 2.21860602065661}