{"Pxx_inf": 2.574811665087805, "Pyy_inf": 1.6166015776459552, "Pzz_inf": 1.6166015776459552}