{"Pxx_inf": 4.6459694111250105, "Pyy_inf": 2.1639417567990815, "Pzz_inf": 2.1639417567990815}