{"Pxx_inf": 6.76475011007715, "Pyy_inf": 4.490477045186981, "Pzz_inf": 1.9517081943783885}