{"Pxx_inf": 0.8667081520559975, "Pyy_inf": 0.714100295958896, "Pzz_inf": 0.7141007133235324}