{"Pxx_inf": -1.6416918921431836, "Pyy_inf": -1.6416919021943925, "Pzz_inf": -1.6416918862674683}