{"Pxx_inf": 12.874334412386728, "Pyy_inf": 3.565199339033428, "Pzz_inf": 3.565199339033428}