{"Pxx_inf": 0.7837494260502386, "Pyy_inf": 0.7837494260502387, "Pzz_inf": 0.7159607052143128}