{"Pxx_inf": 35.69420766855504, "Pyy_inf": 2.8092580675899903, "Pzz_inf": 2.8092585165341326}