{"Pxx_inf": 3.906528034390035, "Pyy_inf": 3.03299630721433, "Pzz_inf": 1.5925080507457756}