{"Pxx_inf": 1.8287125003977094, "Pyy_inf": 1.8287125003977094, "Pzz_inf": 1.8287125003977096}