{"Pxx_inf": 2.3095979262997037, "Pyy_inf": 2.3095979262997037, "Pzz_inf": 2.3095979262997037}