{"Pxx_inf": 0.7601151292591648, "Pyy_inf": 0.7601151292591647, "Pzz_inf": 0.7601151292591648}