{"Pxx_inf": 0.8846518727852466, "Pyy_inf": 0.7078970455280029, "Pzz_inf": 0.7078955452828192}