{"Pxx_inf": 2.738533629139334, "Pyy_inf": 1.6021860439246576, "Pzz_inf": 1.6021860439246578}