{"Pxx_inf": 2.8139579574481113, "Pyy_inf": 2.8139579574481113, "Pzz_inf": 2.8139579574481117}