{"Pxx_inf": 0.8081553242055455, "Pyy_inf": 0.8081553242055455, "Pzz_inf": 0.6772496883544763}