{"Pxx_inf": 4.22862827637735, "Pyy_inf": 2.6219490834014523, "Pzz_inf": 1.7506708522529584}