{"Pxx_inf": 7.320875890036374, "Pyy_inf": 4.723352382815215, "Pzz_inf": 1.9965954078625532}