{"Pxx_inf": 0.8036660518784668, "Pyy_inf": 0.7393888388573806, "Pzz_inf": 0.7393888388540862}