{"Pxx_inf": -0.6064898432852038, "Pyy_inf": -0.6064898432852038, "Pzz_inf": -0.606489843285204}