{"Pxx_inf": 2.6141623693666767, "Pyy_inf": 1.881610224580733, "Pzz_inf": 1.3804151968767704}