{"Pxx_inf": 0.8721625162336774, "Pyy_inf": 0.7659154668190801, "Pzz_inf": 0.6657280276984501}