{"Pxx_inf": 5.573593606148875, "Pyy_inf": 3.6053817168612077, "Pzz_inf": 2.613301896664641}