{"Pxx_inf": 4.129997559039482, "Pyy_inf": 2.15504791936351, "Pzz_inf": 2.15504791936351}