{"Pxx_inf": 1.9671913555832463, "Pyy_inf": 1.9671913555832463, "Pzz_inf": 1.5947143977676266}